language,tool,probe,role,label,dynamic_outcome,flagged,locale_rules
java,errorprone,P1,machine,CDM,CDM,1,StringCaseLocaleUsage
java,errorprone,P1,linguistic,CORRECT,CORRECT,1,StringCaseLocaleUsage
java,errorprone,P2,machine,CDM,CDM,0,
java,errorprone,P2,linguistic,CORRECT,CORRECT,0,
java,errorprone,P3,machine,CORRECT,CORRECT,0,
java,errorprone,P3,linguistic,CDM,CDM,0,
java,errorprone,P4,machine,CDM,CDM,1,DefaultLocale
java,errorprone,P4,linguistic,CORRECT,CORRECT,1,DefaultLocale
java,errorprone,P5,machine,CDM,CDM,1,DefaultLocale
java,errorprone,P5,linguistic,CORRECT,CORRECT,1,DefaultLocale
java,spotbugs,P1,machine,CDM,CDM,1,DM_CONVERT_CASE
java,spotbugs,P1,linguistic,CORRECT,CORRECT,1,DM_CONVERT_CASE
java,spotbugs,P2,machine,CDM,CDM,0,
java,spotbugs,P2,linguistic,CORRECT,CORRECT,0,
java,spotbugs,P3,machine,CORRECT,CORRECT,0,
java,spotbugs,P3,linguistic,CDM,CDM,0,
java,spotbugs,P4,machine,CDM,CDM,0,
java,spotbugs,P4,linguistic,CORRECT,CORRECT,0,
java,spotbugs,P5,machine,CDM,CDM,0,
java,spotbugs,P5,linguistic,CORRECT,CORRECT,0,
java,pmd,P1,machine,CDM,CDM,1,UseLocaleWithCaseConversions
java,pmd,P1,linguistic,CORRECT,CORRECT,1,UseLocaleWithCaseConversions
java,pmd,P2,machine,CDM,CDM,0,
java,pmd,P2,linguistic,CORRECT,CORRECT,0,
java,pmd,P3,machine,CORRECT,CORRECT,0,
java,pmd,P3,linguistic,CDM,CDM,0,
java,pmd,P4,machine,CDM,CDM,0,
java,pmd,P4,linguistic,CORRECT,CORRECT,0,
java,pmd,P5,machine,CDM,CDM,0,
java,pmd,P5,linguistic,CORRECT,CORRECT,0,
java,forbiddenapis,P1,machine,CDM,CDM,1,Uses default locale
java,forbiddenapis,P1,linguistic,CORRECT,CORRECT,1,Uses default locale
java,forbiddenapis,P2,machine,CDM,CDM,0,
java,forbiddenapis,P2,linguistic,CORRECT,CORRECT,0,
java,forbiddenapis,P3,machine,CORRECT,CORRECT,0,
java,forbiddenapis,P3,linguistic,CDM,CDM,0,
java,forbiddenapis,P4,machine,CDM,CDM,1,Uses default locale
java,forbiddenapis,P4,linguistic,CORRECT,CORRECT,1,Uses default locale
java,forbiddenapis,P5,machine,CDM,CDM,1,Uses default locale
java,forbiddenapis,P5,linguistic,CORRECT,CORRECT,1,Uses default locale
dotnet,dotnet,P1,machine,CDM,CDM,1,CA1304;CA1311
dotnet,dotnet,P1,linguistic,CORRECT,CORRECT,1,CA1304;CA1311
dotnet,dotnet,P2,machine,CDM,CDM,0,
dotnet,dotnet,P2,linguistic,CORRECT,CORRECT,0,
dotnet,dotnet,P3,machine,CORRECT,CORRECT,1,CA1308
dotnet,dotnet,P3,linguistic,CDM,CDM,1,CA1308
dotnet,dotnet,P4,machine,CDM,CDM,1,CA1309
dotnet,dotnet,P4,linguistic,CORRECT,CORRECT,1,CA1309
dotnet,dotnet,P5,machine,CDM,CDM,0,
dotnet,dotnet,P5,linguistic,CORRECT,CORRECT,0,
go,govet,P2,machine,CDM,CDM,0,
go,govet,P2,linguistic,CORRECT,CORRECT,0,
go,govet,P3,machine,CORRECT,CORRECT,0,
go,govet,P3,linguistic,CDM,CDM,0,
go,govet,P4,machine,CDM,CDM,0,
go,govet,P4,linguistic,CORRECT,CORRECT,0,
go,govet,P5,machine,CDM,CDM,0,
go,govet,P5,linguistic,CORRECT,CORRECT,0,
go,staticcheck,P2,machine,CDM,CDM,0,
go,staticcheck,P2,linguistic,CORRECT,CORRECT,0,
go,staticcheck,P3,machine,CORRECT,CORRECT,0,
go,staticcheck,P3,linguistic,CDM,CDM,0,
go,staticcheck,P4,machine,CDM,CDM,0,
go,staticcheck,P4,linguistic,CORRECT,CORRECT,0,
go,staticcheck,P5,machine,CDM,CDM,0,
go,staticcheck,P5,linguistic,CORRECT,CORRECT,0,
python,ruff,P3,machine,CORRECT,CORRECT,0,
python,ruff,P3,linguistic,CDM,CDM,0,
python,ruff,P5,machine,CDM,CDM,0,
python,ruff,P5,linguistic,CORRECT,CORRECT,0,
python,pylint,P3,machine,CORRECT,CORRECT,0,
python,pylint,P3,linguistic,CDM,CDM,0,
python,pylint,P5,machine,CDM,CDM,0,
python,pylint,P5,linguistic,CORRECT,CORRECT,0,
js,eslint,P1,machine,CDM,CORRECT,0,
js,eslint,P1,linguistic,CORRECT,CORRECT,0,
js,eslint,P2,machine,CDM,CDM,0,
js,eslint,P2,linguistic,CORRECT,CORRECT,0,
js,eslint,P3,machine,CORRECT,CORRECT,0,
js,eslint,P3,linguistic,CDM,CDM,0,
js,eslint,P4,machine,CDM,CDM,0,
js,eslint,P4,linguistic,CORRECT,CORRECT,0,
js,eslint,P5,machine,CDM,CDM,0,
js,eslint,P5,linguistic,CORRECT,CORRECT,0,
c,clang-tidy,P1,machine,CDM,CDM,0,
c,clang-tidy,P1,linguistic,CDM,CDM,0,
c,clang-tidy,P2,machine,CDM,CDM,0,
c,clang-tidy,P2,linguistic,CORRECT,CORRECT,0,
c,clang-tidy,P3,machine,CORRECT,CORRECT,0,
c,clang-tidy,P3,linguistic,CDM,CDM,0,
c,clang-tidy,P4,machine,CDM,CDM,0,
c,clang-tidy,P4,linguistic,CDM,CDM,0,
c,clang-tidy,P5,machine,CDM,CDM,0,
c,clang-tidy,P5,linguistic,CORRECT,CORRECT,0,
c,cppcheck,P1,machine,CDM,CDM,0,
c,cppcheck,P1,linguistic,CDM,CDM,0,
c,cppcheck,P2,machine,CDM,CDM,0,
c,cppcheck,P2,linguistic,CORRECT,CORRECT,0,
c,cppcheck,P3,machine,CORRECT,CORRECT,0,
c,cppcheck,P3,linguistic,CDM,CDM,0,
c,cppcheck,P4,machine,CDM,CDM,0,
c,cppcheck,P4,linguistic,CDM,CDM,0,
c,cppcheck,P5,machine,CDM,CDM,0,
c,cppcheck,P5,linguistic,CORRECT,CORRECT,0,
