language,tool,probe,role,label,flagged
java,errorprone,X1,machine,CDM,0
java,errorprone,X1,linguistic,CORRECT,0
java,errorprone,X2,machine,CDM,1
java,errorprone,X2,linguistic,CORRECT,1
java,errorprone,X3,machine,CDM,1
java,errorprone,X3,linguistic,CORRECT,1
java,errorprone,X4,machine,CORRECT,0
java,errorprone,X4,linguistic,CDM,0
java,spotbugs,X1,machine,CDM,0
java,spotbugs,X1,linguistic,CORRECT,0
java,spotbugs,X2,machine,CDM,1
java,spotbugs,X2,linguistic,CORRECT,1
java,spotbugs,X3,machine,CDM,0
java,spotbugs,X3,linguistic,CORRECT,0
java,spotbugs,X4,machine,CORRECT,0
java,spotbugs,X4,linguistic,CDM,0
java,pmd,X1,machine,CDM,0
java,pmd,X1,linguistic,CORRECT,0
java,pmd,X2,machine,CDM,1
java,pmd,X2,linguistic,CORRECT,1
java,pmd,X3,machine,CDM,0
java,pmd,X3,linguistic,CORRECT,0
java,pmd,X4,machine,CORRECT,0
java,pmd,X4,linguistic,CDM,0
java,forbiddenapis,X1,machine,CDM,0
java,forbiddenapis,X1,linguistic,CORRECT,0
java,forbiddenapis,X2,machine,CDM,1
java,forbiddenapis,X2,linguistic,CORRECT,1
java,forbiddenapis,X3,machine,CDM,1
java,forbiddenapis,X3,linguistic,CORRECT,1
java,forbiddenapis,X4,machine,CORRECT,0
java,forbiddenapis,X4,linguistic,CDM,0
java,semgrep_registry,X1,machine,CDM,0
java,semgrep_registry,X1,linguistic,CORRECT,0
java,semgrep_registry,X2,machine,CDM,0
java,semgrep_registry,X2,linguistic,CORRECT,0
java,semgrep_registry,X3,machine,CDM,0
java,semgrep_registry,X3,linguistic,CORRECT,0
java,semgrep_registry,X4,machine,CORRECT,0
java,semgrep_registry,X4,linguistic,CDM,0
java,semgrep_prototype,X1,machine,CDM,1
java,semgrep_prototype,X1,linguistic,CORRECT,0
java,semgrep_prototype,X2,machine,CDM,1
java,semgrep_prototype,X2,linguistic,CORRECT,0
java,semgrep_prototype,X3,machine,CDM,1
java,semgrep_prototype,X3,linguistic,CORRECT,0
java,semgrep_prototype,X4,machine,CORRECT,0
java,semgrep_prototype,X4,linguistic,CDM,1
dotnet,dotnet,X1,machine,CDM,0
dotnet,dotnet,X1,linguistic,CORRECT,0
dotnet,dotnet,X2,machine,CDM,1
dotnet,dotnet,X2,linguistic,CORRECT,1
dotnet,dotnet,X3,machine,CDM,0
dotnet,dotnet,X3,linguistic,CORRECT,0
dotnet,dotnet,X4,machine,CORRECT,0
dotnet,dotnet,X4,linguistic,CDM,0
dotnet,semgrep_registry,X1,machine,CDM,0
dotnet,semgrep_registry,X1,linguistic,CORRECT,0
dotnet,semgrep_registry,X2,machine,CDM,0
dotnet,semgrep_registry,X2,linguistic,CORRECT,0
dotnet,semgrep_registry,X3,machine,CDM,0
dotnet,semgrep_registry,X3,linguistic,CORRECT,0
dotnet,semgrep_registry,X4,machine,CORRECT,0
dotnet,semgrep_registry,X4,linguistic,CDM,0
dotnet,semgrep_prototype,X1,machine,CDM,1
dotnet,semgrep_prototype,X1,linguistic,CORRECT,0
dotnet,semgrep_prototype,X2,machine,CDM,1
dotnet,semgrep_prototype,X2,linguistic,CORRECT,0
dotnet,semgrep_prototype,X3,machine,CDM,1
dotnet,semgrep_prototype,X3,linguistic,CORRECT,0
dotnet,semgrep_prototype,X4,machine,CORRECT,0
dotnet,semgrep_prototype,X4,linguistic,CDM,1
