task_part,item_id,source_url,label_field,primary_label,second_label,primary_comment,second_comment,final_label,adjudication_rationale,adjudicator,adjudicated_at_utc
A_screening,BSC001,https://github.com/Perl/perl5/issues/432,screening_decision,exclude,exclude,Returned through Boolean/noisy indexing but record does not concern in-scope locale-sensitive text processing.,,exclude,coders_agreed,not_applicable,not_applicable
A_screening,BSC001,https://github.com/Perl/perl5/issues/432,exclusion_category,out_of_scope,search_artifact,Returned through Boolean/noisy indexing but record does not concern in-scope locale-sensitive text processing.,,out_of_scope,"Although the link resolves to an actual migrated Perl ticket, the reported compilation failure has no connection to the locale-dependent text operations covered by the study.",coder-adjudication,2026-08-12T09:00:00Z
A_screening,BSC002,https://github.com/FirebirdSQL/firebird/issues/500,screening_decision,include,include,Wrong charset table provenance causes incorrect case mapping/collation and is covered by a driver test.,,include,coders_agreed,not_applicable,not_applicable
A_screening,BSC003,https://github.com/spring-projects/spring-framework/issues/8743,screening_decision,exclude,exclude,Returned through Boolean/noisy indexing but record does not concern in-scope locale-sensitive text processing.,,exclude,coders_agreed,not_applicable,not_applicable
A_screening,BSC003,https://github.com/spring-projects/spring-framework/issues/8743,exclusion_category,out_of_scope,out_of_scope,Returned through Boolean/noisy indexing but record does not concern in-scope locale-sensitive text processing.,,out_of_scope,coders_agreed,not_applicable,not_applicable
A_screening,BSC004,https://github.com/markuspfeiffer/google-gson/issues/541,screening_decision,exclude,exclude,"Direct migration, fork copy, or duplicate lineage; not an independent defect.",Imported copy of the Gson issue rather than the canonical project issue.,exclude,coders_agreed,not_applicable,not_applicable
A_screening,BSC004,https://github.com/markuspfeiffer/google-gson/issues/541,exclusion_category,duplicate_or_clone,duplicate_or_clone,"Direct migration, fork copy, or duplicate lineage; not an independent defect.",Imported copy of the Gson issue rather than the canonical project issue.,duplicate_or_clone,coders_agreed,not_applicable,not_applicable
A_screening,BSC005,https://github.com/omeka/plugin-CsvImport/issues/7,screening_decision,exclude,exclude,"Locale-related record is an enhancement, localization task, audit, unrelated numeric/encoding issue, or lacks confirmatory defect evidence.",Generic UTF-8/import failure; locale causation was speculative and the report was not reproducible on later master.,exclude,coders_agreed,not_applicable,not_applicable
A_screening,BSC005,https://github.com/omeka/plugin-CsvImport/issues/7,exclusion_category,not_confirmed_independent_defect,out_of_scope,"Locale-related record is an enhancement, localization task, audit, unrelated numeric/encoding issue, or lacks confirmatory defect evidence.",Generic UTF-8/import failure; locale causation was speculative and the report was not reproducible on later master.,out_of_scope,"This is best treated as a general CSV character-encoding/import failure: the locale explanation remained hypothetical, and the problem could not be reproduced against a later revision. Such encoding failures fall beyond the defined text-relation scope.",coder-adjudication,2026-08-12T09:00:00Z
A_screening,BSC006,https://github.com/Perl/perl5/issues/125,screening_decision,exclude,exclude,Returned through Boolean/noisy indexing but record does not concern in-scope locale-sensitive text processing.,,exclude,coders_agreed,not_applicable,not_applicable
A_screening,BSC006,https://github.com/Perl/perl5/issues/125,exclusion_category,out_of_scope,search_artifact,Returned through Boolean/noisy indexing but record does not concern in-scope locale-sensitive text processing.,,out_of_scope,"The migrated issue is genuine, but its multithreaded IO::File assertion does not exercise any locale-sensitive text behavior included in the protocol.",coder-adjudication,2026-08-12T09:00:00Z
A_screening,BSC007,https://github.com/apache/lucene/issues/2842,screening_decision,exclude,exclude,"Locale-related record is an enhancement, localization task, audit, unrelated numeric/encoding issue, or lacks confirmatory defect evidence.",,exclude,coders_agreed,not_applicable,not_applicable
A_screening,BSC007,https://github.com/apache/lucene/issues/2842,exclusion_category,not_confirmed_independent_defect,out_of_scope,"Locale-related record is an enhancement, localization task, audit, unrelated numeric/encoding issue, or lacks confirmatory defect evidence.",,not_confirmed_independent_defect,The ticket centers on adding NumericRange query-parser functionality. Lowercasing defects encountered and corrected while building that feature do not demonstrate a separate pre-existing defect that can be counted independently.,coder-adjudication,2026-08-12T09:00:00Z
A_screening,BSC008,https://github.com/apple/cups/issues/1463,screening_decision,exclude,include,"Locale-related record is an enhancement, localization task, audit, unrelated numeric/encoding issue, or lacks confirmatory defect evidence.",,exclude,"Evidence supports a real resolved issue, yet the failures concern thread safety around setlocale and locale-dependent conversion of floating-point values. Numeric parsing and formatting are outside the specified casing, folding, comparison, collation, and normalization operations.",coder-adjudication,2026-08-12T09:00:00Z
A_screening,BSC009,https://github.com/apache/lucene/issues/2655,screening_decision,include,include,A runnable filter pipeline shows locale-dependent token output and operation-order/API remedies.,The discussion documents a reproducible Turkish stemming failure and routes the repair to a Turkish-specific lowercasing implementation.,include,coders_agreed,not_applicable,not_applicable
A_screening,BSC010,https://github.com/FirebirdSQL/firebird/issues/856,screening_decision,exclude,exclude,Returned through Boolean/noisy indexing but record does not concern in-scope locale-sensitive text processing.,Generic character-set metadata extraction fault rather than an in-scope casing folding comparison collation or normalization defect.,exclude,coders_agreed,not_applicable,not_applicable
A_screening,BSC010,https://github.com/FirebirdSQL/firebird/issues/856,exclusion_category,out_of_scope,out_of_scope,Returned through Boolean/noisy indexing but record does not concern in-scope locale-sensitive text processing.,Generic character-set metadata extraction fault rather than an in-scope casing folding comparison collation or normalization defect.,out_of_scope,coders_agreed,not_applicable,not_applicable
A_screening,BSC011,https://github.com/Perl/perl5/issues/68,screening_decision,exclude,exclude,Returned through Boolean/noisy indexing but record does not concern in-scope locale-sensitive text processing.,,exclude,coders_agreed,not_applicable,not_applicable
A_screening,BSC011,https://github.com/Perl/perl5/issues/68,exclusion_category,out_of_scope,search_artifact,Returned through Boolean/noisy indexing but record does not concern in-scope locale-sensitive text processing.,,out_of_scope,"This is a valid migrated Perl record rather than a search artifact, but the compilation problem it describes is unrelated to the eligible locale-sensitive text operations.",coder-adjudication,2026-08-12T09:00:00Z
A_screening,BSC012,https://github.com/apache/maven/issues/2796,screening_decision,exclude,include,Search record lacks enough independent failure/root-cause or resolution evidence for confirmatory inclusion.,,exclude,"The migrated entry supplies only a mailing-list reference and a broad observation about Turkish lowercasing. With no adequate reproducer, identified call site, regression test, patch, or verified resolution, it does not meet the confirmation threshold.",coder-adjudication,2026-08-12T09:00:00Z
A_screening,BSC013,https://github.com/Perl/perl5/issues/459,screening_decision,exclude,exclude,Returned through Boolean/noisy indexing but record does not concern in-scope locale-sensitive text processing.,,exclude,coders_agreed,not_applicable,not_applicable
A_screening,BSC013,https://github.com/Perl/perl5/issues/459,exclusion_category,out_of_scope,search_artifact,Returned through Boolean/noisy indexing but record does not concern in-scope locale-sensitive text processing.,,out_of_scope,"The URL points to a real migrated issue, but the underlying request is for installation assistance and contains no qualifying locale-sensitive text failure.",coder-adjudication,2026-08-12T09:00:00Z
A_screening,BSC014,https://github.com/FirebirdSQL/firebird/issues/790,screening_decision,exclude,exclude,"Locale-related record is an enhancement, localization task, audit, unrelated numeric/encoding issue, or lacks confirmatory defect evidence.",Backup/restore failure is a generic character-set transliteration fault rather than an in-scope text-relation defect.,exclude,coders_agreed,not_applicable,not_applicable
A_screening,BSC014,https://github.com/FirebirdSQL/firebird/issues/790,exclusion_category,not_confirmed_independent_defect,out_of_scope,"Locale-related record is an enhancement, localization task, audit, unrelated numeric/encoding issue, or lacks confirmatory defect evidence.",Backup/restore failure is a generic character-set transliteration fault rather than an in-scope text-relation defect.,out_of_scope,"A genuine backup-and-restore bug is documented, but it results from wrong character-set metadata and transliteration of a default value. That is a generic encoding defect, not one of the text-relation operations admitted by the frozen protocol.",coder-adjudication,2026-08-12T09:00:00Z
A_screening,BSC015,https://github.com/support-and-care/mvn-mng-issues-migration-test/issues/84,screening_decision,exclude,exclude,"Direct migration, fork copy, or duplicate lineage; not an independent defect.",Migration-test copy of MNG-597.,exclude,coders_agreed,not_applicable,not_applicable
A_screening,BSC015,https://github.com/support-and-care/mvn-mng-issues-migration-test/issues/84,exclusion_category,duplicate_or_clone,duplicate_or_clone,"Direct migration, fork copy, or duplicate lineage; not an independent defect.",Migration-test copy of MNG-597.,duplicate_or_clone,coders_agreed,not_applicable,not_applicable
A_screening,BSC016,https://github.com/FirebirdSQL/firebird/issues/1177,screening_decision,exclude,exclude,"Locale-related record is an enhancement, localization task, audit, unrelated numeric/encoding issue, or lacks confirmatory defect evidence.",Requests missing language collation data and is explicitly classified as a new feature.,exclude,coders_agreed,not_applicable,not_applicable
A_screening,BSC016,https://github.com/FirebirdSQL/firebird/issues/1177,exclusion_category,not_confirmed_independent_defect,api_capability_mismatch,"Locale-related record is an enhancement, localization task, audit, unrelated numeric/encoding issue, or lacks confirmatory defect evidence.",Requests missing language collation data and is explicitly classified as a new feature.,api_capability_mismatch,"The tracker treats this as a feature request to add unavailable Polish and Baltic collation data, and no breach of an existing API contract is shown. It therefore represents missing capability rather than a confirmed defect.",coder-adjudication,2026-08-12T09:00:00Z
A_screening,BSC017,https://github.com/python/cpython/issues/50839,screening_decision,exclude,exclude,Returned through Boolean/noisy indexing but record does not concern in-scope locale-sensitive text processing.,CGI/browser encoding question closed as not a bug.,exclude,coders_agreed,not_applicable,not_applicable
A_screening,BSC017,https://github.com/python/cpython/issues/50839,exclusion_category,out_of_scope,out_of_scope,Returned through Boolean/noisy indexing but record does not concern in-scope locale-sensitive text processing.,CGI/browser encoding question closed as not a bug.,out_of_scope,coders_agreed,not_applicable,not_applicable
A_screening,BSC018,https://github.com/Perl/perl5/issues/162,screening_decision,exclude,exclude,Returned through Boolean/noisy indexing but record does not concern in-scope locale-sensitive text processing.,,exclude,coders_agreed,not_applicable,not_applicable
A_screening,BSC018,https://github.com/Perl/perl5/issues/162,exclusion_category,out_of_scope,search_artifact,Returned through Boolean/noisy indexing but record does not concern in-scope locale-sensitive text processing.,,out_of_scope,"The record is an authentic migrated Perl issue; however, the segmentation fault described there is not tied to an eligible locale-aware text operation.",coder-adjudication,2026-08-12T09:00:00Z
A_screening,BSC019,https://github.com/python/cpython/issues/39942,screening_decision,exclude,exclude,Returned through Boolean/noisy indexing but record does not concern in-scope locale-sensitive text processing.,Observed behavior was the documented C-locale default and was closed as not a bug.,exclude,coders_agreed,not_applicable,not_applicable
A_screening,BSC019,https://github.com/python/cpython/issues/39942,exclusion_category,out_of_scope,out_of_scope,Returned through Boolean/noisy indexing but record does not concern in-scope locale-sensitive text processing.,Observed behavior was the documented C-locale default and was closed as not a bug.,out_of_scope,coders_agreed,not_applicable,not_applicable
A_screening,BSC020,https://github.com/SergeyShustikov/google-gson/issues/541,screening_decision,exclude,exclude,"Direct migration, fork copy, or duplicate lineage; not an independent defect.",Imported copy of the Gson issue rather than the canonical project issue.,exclude,coders_agreed,not_applicable,not_applicable
A_screening,BSC020,https://github.com/SergeyShustikov/google-gson/issues/541,exclusion_category,duplicate_or_clone,duplicate_or_clone,"Direct migration, fork copy, or duplicate lineage; not an independent defect.",Imported copy of the Gson issue rather than the canonical project issue.,duplicate_or_clone,coders_agreed,not_applicable,not_applicable
A_screening,BSC021,https://github.com/Perl/perl5/issues/31,screening_decision,exclude,exclude,Returned through Boolean/noisy indexing but record does not concern in-scope locale-sensitive text processing.,,exclude,coders_agreed,not_applicable,not_applicable
A_screening,BSC021,https://github.com/Perl/perl5/issues/31,exclusion_category,out_of_scope,search_artifact,Returned through Boolean/noisy indexing but record does not concern in-scope locale-sensitive text processing.,,out_of_scope,"This migrated ticket exists, but its behavior involving DESTROY and die does not bear on locale-sensitive text processing within the review boundary.",coder-adjudication,2026-08-12T09:00:00Z
A_screening,BSC022,https://github.com/python/cpython/issues/108219,screening_decision,exclude,exclude,Returned through Boolean/noisy indexing but record does not concern in-scope locale-sensitive text processing.,,exclude,coders_agreed,not_applicable,not_applicable
A_screening,BSC022,https://github.com/python/cpython/issues/108219,exclusion_category,out_of_scope,out_of_scope,Returned through Boolean/noisy indexing but record does not concern in-scope locale-sensitive text processing.,,out_of_scope,coders_agreed,not_applicable,not_applicable
A_screening,BSC023,https://github.com/python/cpython/issues/40867,screening_decision,exclude,exclude,Returned through Boolean/noisy indexing but record does not concern in-scope locale-sensitive text processing.,Template diagnostics/usability work; the finalized approach was deliberately locale-independent and did not demonstrate an in-scope locale-dependent defect.,exclude,coders_agreed,not_applicable,not_applicable
A_screening,BSC023,https://github.com/python/cpython/issues/40867,exclusion_category,out_of_scope,out_of_scope,Returned through Boolean/noisy indexing but record does not concern in-scope locale-sensitive text processing.,Template diagnostics/usability work; the finalized approach was deliberately locale-independent and did not demonstrate an in-scope locale-dependent defect.,out_of_scope,coders_agreed,not_applicable,not_applicable
A_screening,BSC024,https://github.com/Perl/perl5/issues/408,screening_decision,exclude,exclude,Returned through Boolean/noisy indexing but record does not concern in-scope locale-sensitive text processing.,,exclude,coders_agreed,not_applicable,not_applicable
A_screening,BSC024,https://github.com/Perl/perl5/issues/408,exclusion_category,out_of_scope,search_artifact,Returned through Boolean/noisy indexing but record does not concern in-scope locale-sensitive text processing.,,out_of_scope,"Despite being a legitimate migrated record, the debugger and thread-locking example has no relevant locale-dependent text operation and is outside scope.",coder-adjudication,2026-08-12T09:00:00Z
A_screening,BSC025,https://github.com/dart-lang/sdk/issues/28,screening_decision,exclude,exclude,"Requested locale-aware behavior is not promised by the cited API, or tracker resolution rejects defect status.",Dart String casing was specified as Unicode locale-independent mapping; locale-tailored casing required the separate i18n capability.,exclude,coders_agreed,not_applicable,not_applicable
A_screening,BSC025,https://github.com/dart-lang/sdk/issues/28,exclusion_category,api_capability_mismatch,api_capability_mismatch,"Requested locale-aware behavior is not promised by the cited API, or tracker resolution rejects defect status.",Dart String casing was specified as Unicode locale-independent mapping; locale-tailored casing required the separate i18n capability.,api_capability_mismatch,coders_agreed,not_applicable,not_applicable
A_screening,BSC026,https://bugs.openjdk.org/browse/JDK-8159420,screening_decision,exclude,include,Exact Phase 0/1 development-seed identifier; prohibited from confirmatory counting.,,exclude,"JDK-8159420 does document a locale-sensitive defect, but the same identifier was used as a Phase 0/1 development seed. The prespecified rules bar exact seed records from the confirmatory sample.",coder-adjudication,2026-08-12T09:00:00Z
A_screening,BSC027,https://bugs.openjdk.org/browse/JDK-8354549,screening_decision,exclude,exclude,"Locale-related record is an enhancement, localization task, audit, unrelated numeric/encoding issue, or lacks confirmatory defect evidence.",CLDR upgrade release note rather than a demonstrated defect.,exclude,coders_agreed,not_applicable,not_applicable
A_screening,BSC027,https://bugs.openjdk.org/browse/JDK-8354549,exclusion_category,not_confirmed_independent_defect,out_of_scope,"Locale-related record is an enhancement, localization task, audit, unrelated numeric/encoding issue, or lacks confirmatory defect evidence.",CLDR upgrade release note rather than a demonstrated defect.,not_confirmed_independent_defect,This completed release-note subtask summarizes the CLDR 48 update and changes inherited from upstream. It does not establish a standalone JDK defect supported by its own reproducer and corrective history.,coder-adjudication,2026-08-12T09:00:00Z
A_screening,BSC028,https://issues.apache.org/jira/secure/attachment/12792466/ConstraintPropagationinSparkSQL.pdf,screening_decision,exclude,exclude,"Search-engine attachment/repository-page artifact, not a defect record.",The URL is an unrelated Spark SQL constraint-propagation design attachment.,exclude,coders_agreed,not_applicable,not_applicable
A_screening,BSC028,https://issues.apache.org/jira/secure/attachment/12792466/ConstraintPropagationinSparkSQL.pdf,exclusion_category,search_artifact,search_artifact,"Search-engine attachment/repository-page artifact, not a defect record.",The URL is an unrelated Spark SQL constraint-propagation design attachment.,search_artifact,coders_agreed,not_applicable,not_applicable
A_screening,BSC029,https://github.com/sonic27/google-gson/issues/541,screening_decision,exclude,exclude,"Direct migration, fork copy, or duplicate lineage; not an independent defect.",Imported copy of the Gson issue rather than the canonical project issue.,exclude,coders_agreed,not_applicable,not_applicable
A_screening,BSC029,https://github.com/sonic27/google-gson/issues/541,exclusion_category,duplicate_or_clone,duplicate_or_clone,"Direct migration, fork copy, or duplicate lineage; not an independent defect.",Imported copy of the Gson issue rather than the canonical project issue.,duplicate_or_clone,coders_agreed,not_applicable,not_applicable
A_screening,BSC030,https://github.com/phpmyadmin/phpmyadmin/issues/3681,screening_decision,exclude,exclude,Returned through Boolean/noisy indexing but record does not concern in-scope locale-sensitive text processing.,Localization contribution and language-naming discussion rather than a functional defect.,exclude,coders_agreed,not_applicable,not_applicable
A_screening,BSC030,https://github.com/phpmyadmin/phpmyadmin/issues/3681,exclusion_category,out_of_scope,out_of_scope,Returned through Boolean/noisy indexing but record does not concern in-scope locale-sensitive text processing.,Localization contribution and language-naming discussion rather than a functional defect.,out_of_scope,coders_agreed,not_applicable,not_applicable
A_screening,BSC031,https://github.com/Perl/perl5/issues/355,screening_decision,exclude,exclude,Returned through Boolean/noisy indexing but record does not concern in-scope locale-sensitive text processing.,,exclude,coders_agreed,not_applicable,not_applicable
A_screening,BSC031,https://github.com/Perl/perl5/issues/355,exclusion_category,out_of_scope,search_artifact,Returned through Boolean/noisy indexing but record does not concern in-scope locale-sensitive text processing.,,out_of_scope,"The migrated ticket is real, but the tied-hash FETCH behavior at issue is unrelated to the locale-sensitive operations eligible for analysis.",coder-adjudication,2026-08-12T09:00:00Z
A_screening,BSC032,https://github.com/Perl/perl5/issues/144,screening_decision,exclude,exclude,Returned through Boolean/noisy indexing but record does not concern in-scope locale-sensitive text processing.,,exclude,coders_agreed,not_applicable,not_applicable
A_screening,BSC032,https://github.com/Perl/perl5/issues/144,exclusion_category,out_of_scope,search_artifact,Returned through Boolean/noisy indexing but record does not concern in-scope locale-sensitive text processing.,,out_of_scope,"This is an actual migrated Perl report, though its VMS build-test failure does not involve in-scope locale-sensitive text semantics.",coder-adjudication,2026-08-12T09:00:00Z
A_screening,BSC033,https://github.com/Perl/perl5/issues/50,screening_decision,exclude,exclude,Returned through Boolean/noisy indexing but record does not concern in-scope locale-sensitive text processing.,,exclude,coders_agreed,not_applicable,not_applicable
A_screening,BSC033,https://github.com/Perl/perl5/issues/50,exclusion_category,out_of_scope,search_artifact,Returned through Boolean/noisy indexing but record does not concern in-scope locale-sensitive text processing.,,out_of_scope,"The link identifies a genuine migrated record, but the Win32 binmode and filehandle behavior falls outside the study's locale-dependent text-operation boundary.",coder-adjudication,2026-08-12T09:00:00Z
A_screening,BSC034,https://github.com/python/cpython/issues/128392,screening_decision,exclude,exclude,Returned through Boolean/noisy indexing but record does not concern in-scope locale-sensitive text processing.,Documentation mismatch for environment-variable truth handling; unrelated to locale-sensitive text semantics.,exclude,coders_agreed,not_applicable,not_applicable
A_screening,BSC034,https://github.com/python/cpython/issues/128392,exclusion_category,out_of_scope,out_of_scope,Returned through Boolean/noisy indexing but record does not concern in-scope locale-sensitive text processing.,Documentation mismatch for environment-variable truth handling; unrelated to locale-sensitive text semantics.,out_of_scope,coders_agreed,not_applicable,not_applicable
A_screening,BSC035,https://github.com/python/cpython/issues/48860,screening_decision,exclude,include,Returned through Boolean/noisy indexing but record does not concern in-scope locale-sensitive text processing.,,exclude,"The complaint concerns incomplete locale-neutral Unicode full-case mappings in the Python version discussed, including sharp-s handling. Because the observed error does not materially depend on locale semantics, it is not eligible for the confirmatory corpus.",coder-adjudication,2026-08-12T09:00:00Z
A_screening,BSC036,https://github.com/google-code-export/google-gson/issues/541,screening_decision,exclude,exclude,"Direct migration, fork copy, or duplicate lineage; not an independent defect.",Google Code export copy of the Gson issue rather than the canonical project issue.,exclude,coders_agreed,not_applicable,not_applicable
A_screening,BSC036,https://github.com/google-code-export/google-gson/issues/541,exclusion_category,duplicate_or_clone,duplicate_or_clone,"Direct migration, fork copy, or duplicate lineage; not an independent defect.",Google Code export copy of the Gson issue rather than the canonical project issue.,duplicate_or_clone,coders_agreed,not_applicable,not_applicable
A_screening,BSC037,https://github.com/Perl/perl5/issues/42,screening_decision,exclude,exclude,Returned through Boolean/noisy indexing but record does not concern in-scope locale-sensitive text processing.,,exclude,coders_agreed,not_applicable,not_applicable
A_screening,BSC037,https://github.com/Perl/perl5/issues/42,exclusion_category,out_of_scope,search_artifact,Returned through Boolean/noisy indexing but record does not concern in-scope locale-sensitive text processing.,,out_of_scope,"Although this is a bona fide migrated Perl issue, the regular-expression behavior reported is not linked to a qualifying locale-sensitive text operation.",coder-adjudication,2026-08-12T09:00:00Z
A_screening,BSC038,https://github.com/bitcoin/bitcoin/issues/330,screening_decision,exclude,include,"Locale-related record is an enhancement, localization task, audit, unrelated numeric/encoding issue, or lacks confirmatory defect evidence.",,exclude,"The report contains a reproduced and diagnosed decimal-amount parsing failure. Its cause is the locale-specific treatment of numeric separators, however, and numeric parsing is excluded from the frozen text-operation definition.",coder-adjudication,2026-08-12T09:00:00Z
A_screening,BSC039,https://github.com/FirebirdSQL/firebird/issues/1173,screening_decision,include,include,A changed default collation is lost across backup/restore; SQL reproducer and fixing commit are supplied.,,include,coders_agreed,not_applicable,not_applicable
A_screening,BSC040,https://bugs.openjdk.org/browse/JDK-8346949,screening_decision,exclude,exclude,"Locale-related record is an enhancement, localization task, audit, unrelated numeric/encoding issue, or lacks confirmatory defect evidence.",CLDR upgrade release note rather than a demonstrated defect.,exclude,coders_agreed,not_applicable,not_applicable
A_screening,BSC040,https://bugs.openjdk.org/browse/JDK-8346949,exclusion_category,not_confirmed_independent_defect,out_of_scope,"Locale-related record is an enhancement, localization task, audit, unrelated numeric/encoding issue, or lacks confirmatory defect evidence.",CLDR upgrade release note rather than a demonstrated defect.,not_confirmed_independent_defect,The official entry is a completed release-note task covering the CLDR 47 upgrade and its upstream data revisions. It offers no independent reproducible JDK failure or distinct repair lineage.,coder-adjudication,2026-08-12T09:00:00Z
A_screening,BSC041,https://github.com/javaee/jaxb-v2/issues/544,screening_decision,exclude,include,"Direct migration, fork copy, or duplicate lineage; not an independent defect.",,exclude,"The issue content, attachments, target fix version, and test material match the JAXB-544 case preserved in eclipse-ee4j/jaxb-ri. This javaee/jaxb-v2 entry is a repository migration of the same lineage, not a separate defect.",coder-adjudication,2026-08-12T09:00:00Z
A_screening,BSC042,https://github.com/apache/jmeter/issues/2069,screening_decision,exclude,exclude,"Locale-related record is an enhancement, localization task, audit, unrelated numeric/encoding issue, or lacks confirmatory defect evidence.",Turkish translation contribution rather than a functional defect.,exclude,coders_agreed,not_applicable,not_applicable
A_screening,BSC042,https://github.com/apache/jmeter/issues/2069,exclusion_category,not_confirmed_independent_defect,out_of_scope,"Locale-related record is an enhancement, localization task, audit, unrelated numeric/encoding issue, or lacks confirmatory defect evidence.",Turkish translation contribution rather than a functional defect.,out_of_scope,The submission adds Turkish localization resources and was accepted as a translation contribution. It does not report malfunctioning locale-sensitive text behavior in the software.,coder-adjudication,2026-08-12T09:00:00Z
A_screening,BSC043,https://issues.apache.org/jira/secure/attachment/13081303/13081303_Federated%2BCatalog%2BSupport.pdf,screening_decision,exclude,exclude,"Search-engine attachment/repository-page artifact, not a defect record.",The URL is an unrelated Hive federated-catalog design attachment.,exclude,coders_agreed,not_applicable,not_applicable
A_screening,BSC043,https://issues.apache.org/jira/secure/attachment/13081303/13081303_Federated%2BCatalog%2BSupport.pdf,exclusion_category,search_artifact,search_artifact,"Search-engine attachment/repository-page artifact, not a defect record.",The URL is an unrelated Hive federated-catalog design attachment.,search_artifact,coders_agreed,not_applicable,not_applicable
B_mechanism,RCD001,https://github.com/roundcube/roundcubemail/issues/1872,mechanism_family,M2_native_process_locale_machine_text,M2_native_process_locale_machine_text,"tr_TR produces a PHP fatal method-lookup failure; logs, upstream linkage, and a working mitigation are given.",PHP process LC_CTYPE contaminated case handling of machine-level function and class names.,M2_native_process_locale_machine_text,coders_agreed,not_applicable,not_applicable
C_correspondence,RCD001,https://github.com/roundcube/roundcubemail/issues/1872,correspondence,direct,direct,F5 reproduces process-locale contamination in native case mapping/comparison.,F5 represents process-locale contamination of machine-facing ASCII mapping and comparison.,direct,coders_agreed,not_applicable,not_applicable
B_mechanism,RCD002,https://github.com/apache/grails-core/issues/7554,mechanism_family,M1_managed_default_locale_machine_text,M1_managed_default_locale_machine_text,Turkish JVM flags reproduce a corrupted controller URL; an explicit-locale fix is identified.,Default-locale Java casing was applied to controller and route names.,M1_managed_default_locale_machine_text,coders_agreed,not_applicable,not_applicable
C_correspondence,RCD002,https://github.com/apache/grails-core/issues/7554,correspondence,direct,direct,F2 machine/canonical mapping reproduces managed default-locale corruption of machine text.,F2 represents default-locale mapping of machine identifiers under a Turkic locale.,direct,coders_agreed,not_applicable,not_applicable
B_mechanism,RCD003,https://github.com/FirebirdSQL/firebird/issues/529,mechanism_family,M3_backend_mapping_or_collation_nonconformance,M5_operation_or_API_semantic_mismatch,"A concrete schema, five rows, wrong PT_PT ORDER BY result, and fixing commit are supplied.",The observed punctuation weighting was the Unicode shifted-variable behavior; the repair exposed a SPECIALS-FIRST collation choice rather than correcting a broken mapping table.,M5_operation_or_API_semantic_mismatch,"Maintainer analysis indicates that the prior shifted-variable order was allowed and did not reflect a corrupt collation mapping. The change introduced SPECIALS-FIRST as a selectable behavior, placing the case in semantic/API selection rather than backend mapping nonconformance.",coder-adjudication,2026-08-12T09:00:00Z
C_correspondence,RCD003,https://github.com/FirebirdSQL/firebird/issues/529,correspondence,standards_or_contract_only,partial,"Oracle validation can detect wrong mappings/relations, but no frozen scenario induces a Firebird implementation defect.",F6 represents collation ordering and backend behavior but not punctuation-variable tailoring or selection of SPECIALS-FIRST semantics.,partial,"F6 covers provider-based database collation order and equality, so the broad semantic domain is present. Its fixed probes do not vary punctuation weighting or request SPECIALS-FIRST tailoring, leaving the decisive dimension untested and the correspondence only partial.",coder-adjudication,2026-08-12T09:00:00Z
B_mechanism,RCD004,https://github.com/python/cpython/issues/39737,mechanism_family,M2_native_process_locale_machine_text,M2_native_process_locale_machine_text,The migrated tracker records a fixed tr_TR email.Charset failure and an attached patch.,Locale-sensitive byte-string lowercasing was applied to an ASCII charset identifier.,M2_native_process_locale_machine_text,coders_agreed,not_applicable,not_applicable
C_correspondence,RCD004,https://github.com/python/cpython/issues/39737,correspondence,direct,direct,F5 reproduces process-locale contamination in native case mapping/comparison.,F5 represents process-locale contamination of an ASCII machine identifier.,direct,coders_agreed,not_applicable,not_applicable
B_mechanism,RCD005,https://github.com/eclipse-ee4j/jaxb-ri/issues/544,mechanism_family,M1_managed_default_locale_machine_text,M1_managed_default_locale_machine_text,A minimal class marshals to corrupted XML names under Turkish locale; the proposed fix is explicit.,Default-locale Java casing altered XML element and attribute identifiers.,M1_managed_default_locale_machine_text,coders_agreed,not_applicable,not_applicable
C_correspondence,RCD005,https://github.com/eclipse-ee4j/jaxb-ri/issues/544,correspondence,direct,direct,F2 machine/canonical mapping reproduces managed default-locale corruption of machine text.,F2 represents locale-neutral mapping of XML machine identifiers under a Turkic effective locale.,direct,coders_agreed,not_applicable,not_applicable
B_mechanism,RCD006,https://github.com/spring-projects/spring-framework/issues/8046,mechanism_family,M1_managed_default_locale_machine_text,M1_managed_default_locale_machine_text,Executable example shows constant lookup failure after switching the default locale to Turkish.,Default-locale Java casing was applied to constant-name prefixes promised to be locale-insensitive.,M1_managed_default_locale_machine_text,coders_agreed,not_applicable,not_applicable
C_correspondence,RCD006,https://github.com/spring-projects/spring-framework/issues/8046,correspondence,direct,direct,F2 machine/canonical mapping reproduces managed default-locale corruption of machine text.,F2 represents locale-neutral mapping and matching of constant-name machine tokens under a Turkic effective locale.,direct,coders_agreed,not_applicable,not_applicable
B_mechanism,RCD007,https://github.com/irssi-import/bugs.irssi.org/issues/652,mechanism_family,M2_native_process_locale_machine_text,M2_native_process_locale_machine_text,"Messages are misrouted under tr_TR but not en_US, with the locale-sensitive comparison mechanism identified.",The locale-specific failure to recognize IRC protocol commands is consistent with process-locale casing or comparison; the issue lacks a linked fix for higher confidence.,M2_native_process_locale_machine_text,coders_agreed,not_applicable,not_applicable
C_correspondence,RCD007,https://github.com/irssi-import/bugs.irssi.org/issues/652,correspondence,direct,direct,F5 reproduces process-locale contamination in native case mapping/comparison.,F5 represents process-locale contamination of machine-facing protocol token recognition; confidence follows the limited issue evidence.,direct,coders_agreed,not_applicable,not_applicable
B_mechanism,RCD008,https://github.com/google/gson/issues/541,mechanism_family,M1_managed_default_locale_machine_text,M1_managed_default_locale_machine_text,"Reproducer, expected/actual JSON key, environment, and Locale.ROOT fix are supplied.",Default-locale Java casing altered JSON field identifiers.,M1_managed_default_locale_machine_text,coders_agreed,not_applicable,not_applicable
C_correspondence,RCD008,https://github.com/google/gson/issues/541,correspondence,direct,direct,F2 machine/canonical mapping reproduces managed default-locale corruption of machine text.,F2 represents locale-neutral mapping of JSON field identifiers under a Turkic effective locale.,direct,coders_agreed,not_applicable,not_applicable
B_mechanism,RCD009,https://github.com/FirebirdSQL/firebird/issues/1173,mechanism_family,M4_persisted_collation_metadata_drift,M4_persisted_collation_metadata_drift,A changed default collation is lost across backup/restore; SQL reproducer and fixing commit are supplied.,Backup and restore lost the persisted default-collation metadata.,M4_persisted_collation_metadata_drift,coders_agreed,not_applicable,not_applicable
C_correspondence,RCD009,https://github.com/FirebirdSQL/firebird/issues/1173,correspondence,partial,partial,"F6 represents collation-provider portability under a frozen persistence invariant, but not database backup/restore metadata loss.",F6 freezes a persistence invariant and provider-derived collation relations but deliberately omits live database backup and restore.,partial,coders_agreed,not_applicable,not_applicable
B_mechanism,RCD010,https://github.com/FirebirdSQL/firebird/issues/634,mechanism_family,M3_backend_mapping_or_collation_nonconformance,M3_backend_mapping_or_collation_nonconformance,LIKE/CONTAINING demonstrably ignore the active accent-insensitive collation while equality honors it.,The backend failed to apply the active accent-insensitive collation consistently across equality versus LIKE and CONTAINING operators.,M3_backend_mapping_or_collation_nonconformance,coders_agreed,not_applicable,not_applicable
C_correspondence,RCD010,https://github.com/FirebirdSQL/firebird/issues/634,correspondence,standards_or_contract_only,partial,"Oracle validation can detect wrong mappings/relations, but no frozen scenario induces a Firebird implementation defect.",F6 represents backend collation equality and ordering but does not exercise SQL LIKE or CONTAINING operator pipelines.,partial,"The F6 scenario represents backend collation ordering and equality, yet it never runs the SQL LIKE or CONTAINING execution paths whose inconsistent application of the chosen accent-insensitive collation produced this fault. Under the frozen pipeline criterion, coverage is therefore partial.",coder-adjudication,2026-08-12T09:00:00Z
B_mechanism,RCD011,https://github.com/apache/lucene/issues/2655,mechanism_family,M5_operation_or_API_semantic_mismatch,M5_operation_or_API_semantic_mismatch,A runnable filter pipeline shows locale-dependent token output and operation-order/API remedies.,The discussion distinguishes display lowercasing from case folding/collation and identifies both filter ordering and Turkish-specific linguistic mapping requirements.,M5_operation_or_API_semantic_mismatch,coders_agreed,not_applicable,not_applicable
C_correspondence,RCD011,https://github.com/apache/lucene/issues/2655,correspondence,partial,partial,"F1/F3 distinguish tailoring, folding, and comparison, but not Lucene filter-pipeline ordering.",F1 and F3 represent Turkish linguistic casing and distinguish mapping folding comparison and collation; the analyzer folding and stemming pipeline is absent.,partial,coders_agreed,not_applicable,not_applicable
B_mechanism,RCD012,https://github.com/FirebirdSQL/firebird/issues/500,mechanism_family,M3_backend_mapping_or_collation_nonconformance,M3_backend_mapping_or_collation_nonconformance,Wrong charset table provenance causes incorrect case mapping/collation and is covered by a driver test.,The CYRL backend reused tables for the wrong code page and therefore produced incorrect upper lower and collation results.,M3_backend_mapping_or_collation_nonconformance,coders_agreed,not_applicable,not_applicable
C_correspondence,RCD012,https://github.com/FirebirdSQL/firebird/issues/500,correspondence,standards_or_contract_only,standards_or_contract_only,"Oracle validation can detect wrong mappings/relations, but no frozen scenario induces a Firebird implementation defect.",Standards and backend-contract oracles can detect use of mapping and collation tables for the wrong code page but no frozen application scenario induces this CYRL backend defect.,standards_or_contract_only,coders_agreed,not_applicable,not_applicable
B_mechanism,RCD013,https://github.com/jenkinsci/jenkins/issues/19280,mechanism_family,M1_managed_default_locale_machine_text,M1_managed_default_locale_machine_text,An environment-variable example predicts a concrete Turkish dotted-I lookup failure in a named call site.,Default-locale Java casing was applied to environment-variable names log levels and other machine tokens.,M1_managed_default_locale_machine_text,coders_agreed,not_applicable,not_applicable
C_correspondence,RCD013,https://github.com/jenkinsci/jenkins/issues/19280,correspondence,direct,direct,F2 machine/canonical mapping reproduces managed default-locale corruption of machine text.,F2 represents default-locale mapping of environment-variable names and other machine tokens under a Turkic locale.,direct,coders_agreed,not_applicable,not_applicable
B_mechanism,RCD014,https://github.com/kwhat/jnativehook/issues/42,mechanism_family,M1_managed_default_locale_machine_text,M1_managed_default_locale_machine_text,A resource path becomes wındows and native-library extraction fails; Locale.ROOT is identified.,Default-locale Java casing altered the Windows resource-path component.,M1_managed_default_locale_machine_text,coders_agreed,not_applicable,not_applicable
C_correspondence,RCD014,https://github.com/kwhat/jnativehook/issues/42,correspondence,direct,direct,F2 machine/canonical mapping reproduces managed default-locale corruption of machine text.,F2 represents default-locale mapping of a resource-path machine token under a Turkic locale.,direct,coders_agreed,not_applicable,not_applicable
