corpus_candidate_id,source_candidate_id,project,title,source_url,discovery_queries,screen_decision,independent_defect_count,mechanism_family,evidence_strength,dedup_lineage,evidence_basis
CC0026,firebird#1173,firebird,Collation backup of RDB$DEFAULT_COLLATE_ [CORE789],https://github.com/FirebirdSQL/firebird/issues/1173,GH05R,include,1,M4_persisted_collation_metadata_drift,high,independent_candidate,A changed default collation is lost across backup/restore; SQL reproducer and fixing commit are supplied.
CC0031,firebird#500,firebird,CYRL charset collations are wrong [CORE172],https://github.com/FirebirdSQL/firebird/issues/500,GH05R,include,1,M3_backend_mapping_or_collation_nonconformance,high,independent_candidate,Wrong charset table provenance causes incorrect case mapping/collation and is covered by a driver test.
CC0032,firebird#529,firebird,ORDER BY works wrong with collate PT_PT [CORE202],https://github.com/FirebirdSQL/firebird/issues/529,GH05R,include,1,M5_operation_or_API_semantic_mismatch,high,independent_candidate,"Maintainer analysis indicates that the prior shifted-variable order was allowed and did not reflect a corrupt collation mapping. The change introduced SPECIALS-FIRST as a selectable behavior, placing the case in semantic/API selection rather than backend mapping nonconformance."
CC0034,firebird#634,firebird,Bug w using collations in WHERE's using CONTAINING or LIKE [CORE301],https://github.com/FirebirdSQL/firebird/issues/634,GH05R,include,1,M3_backend_mapping_or_collation_nonconformance,moderate,independent_candidate,LIKE/CONTAINING demonstrably ignore the active accent-insensitive collation while equality honors it.
CC0117,grails-core#7554,grails-core,GRAILS-282: Turkish locale problem,https://github.com/apache/grails-core/issues/7554,GH01;GH04,include,1,M1_managed_default_locale_machine_text,high,independent_candidate,Turkish JVM flags reproduce a corrupted controller URL; an explicit-locale fix is identified.
CC0122,lucene#2655,lucene,LowerCaseFilter should be able to be configured to use a specific locale. [LUCENE-1581],https://github.com/apache/lucene/issues/2655,GH01,include,1,M5_operation_or_API_semantic_mismatch,high,independent_candidate,A runnable filter pipeline shows locale-dependent token output and operation-order/API remedies.
CC0143,jaxb-ri#544,jaxb-ri,Incorrect Java -> XML mapping for Turkish locale,https://github.com/eclipse-ee4j/jaxb-ri/issues/544,GH01;GH04,include,1,M1_managed_default_locale_machine_text,high,independent_candidate,A minimal class marshals to corrupted XML names under Turkish locale; the proposed fix is explicit.
CC0147,gson#541,gson,"In Turkish locale, FieldNamingPolicy that lowercases field names causes problems with I and dot-less i",https://github.com/google/gson/issues/541,GH03,include,1,M1_managed_default_locale_machine_text,high,independent_candidate,"Reproducer, expected/actual JSON key, environment, and Locale.ROOT fix are supplied."
CC0150,bugs.irssi.org#652,bugs.irssi.org,problem with Turkish locale,https://github.com/irssi-import/bugs.irssi.org/issues/652,GH01,include,1,M2_native_process_locale_machine_text,moderate,independent_candidate,"Messages are misrouted under tr_TR but not en_US, with the locale-sensitive comparison mechanism identified."
CC0152,jenkins#19280,jenkins,[JENKINS-5391] Dubious use of String.toUpperCase(),https://github.com/jenkinsci/jenkins/issues/19280,GH07R,include,1,M1_managed_default_locale_machine_text,high,independent_candidate,An environment-variable example predicts a concrete Turkish dotted-I lookup failure in a named call site.
CC0155,jnativehook#42,jnativehook,NativeSystem locale bug,https://github.com/kwhat/jnativehook/issues/42,GH03,include,1,M1_managed_default_locale_machine_text,high,independent_candidate,A resource path becomes wındows and native-library extraction fails; Locale.ROOT is identified.
CC0180,cpython#39737,cpython,Bad behavior of email.Charset.Charset when locale is tr_TR,https://github.com/python/cpython/issues/39737,GH04,include,1,M2_native_process_locale_machine_text,moderate,independent_candidate,The migrated tracker records a fixed tr_TR email.Charset failure and an attached patch.
CC0193,roundcubemail#1872,roundcubemail,Setting locale to tr_TR breaks PHP,https://github.com/roundcube/roundcubemail/issues/1872,GH01;GH04,include,1,M2_native_process_locale_machine_text,high,independent_candidate,"tr_TR produces a PHP fatal method-lookup failure; logs, upstream linkage, and a working mitigation are given."
CC0199,spring-framework#8046,spring-framework,Constants doesn't quite work in Turkey... [SPR-3362],https://github.com/spring-projects/spring-framework/issues/8046,GH01;GH04,include,1,M1_managed_default_locale_machine_text,high,independent_candidate,Executable example shows constant lookup failure after switching the default locale to Turkish.
