ecosystem,variant,api_id,operations,api_class,mapping_granularity,context_sensitivity,language_tailoring,backend_family,official_source,retrieval_date,contract_evidence,scenario_families
C,icu_locale,u_strToLower/u_strToUpper,lower;upper,explicit_locale_aware,full_string,yes,tr;az;lt,icu_direct_or_bundled,https://unicode-org.github.io/icu-docs/apidoc/released/icu4c/ustring_8h.html,2026-08-11,"ICU full-string case conversion accepts an explicit locale and may change length.",F1;F2;F7
C,icu_root,u_strToLower/u_strToUpper,lower;upper,invariant_root,full_string,yes,root,icu_direct_or_bundled,https://unicode-org.github.io/icu-docs/apidoc/released/icu4c/ustring_8h.html,2026-08-11,"Empty/root locale requests Unicode default full-string conversion.",F1;F2;F7
C,icu_collator,ucol_strcoll,compare_equal,explicit_locale_aware,not_applicable,not_applicable,tr;az;lt,icu_direct_or_bundled,https://unicode-org.github.io/icu-docs/apidoc/released/icu4c/ucol_8h.html,2026-08-11,"ICU collator compares using an explicitly opened locale and configured strength.",F3;F6
C,icu_normalizer,unorm2_normalize,normalize_compare;normalize_lower_compare,unicode_defined,not_applicable,yes,not_applicable,icu_direct_or_bundled,https://unicode-org.github.io/icu-docs/apidoc/released/icu4c/unorm2_8h.html,2026-08-11,"Normalizer2 applies the requested Unicode normalization form.",F4
C,libc_process,tolower/strcasecmp,native_lower;native_compare_equal,default_locale_sensitive,simple_code_point,no,process_LC_CTYPE,libc_glibc,https://pubs.opengroup.org/onlinepubs/9799919799/functions/tolower.html,2026-08-11,"tolower uses LC_CTYPE character information; strcasecmp is specified in POSIX locale and unspecified otherwise.",F5
C,ascii,manual_ASCII_mapping_and_compare,native_lower;native_compare_equal,ordinal_canonical,simple_code_point,no,not_applicable,runtime_unicode_tables,https://pubs.opengroup.org/onlinepubs/9799919799/basedefs/V1_chap06.html,2026-08-11,"Frozen adapter maps only ASCII A-Z/a-z for machine-token controls.",F5
DotNet,explicit_culture,String.ToLower/ToUpper(CultureInfo),lower;upper,explicit_locale_aware,full_string,yes,tr;az;lt,dotnet_globalization,https://learn.microsoft.com/en-us/dotnet/api/system.string.tolower?view=net-10.0,2026-08-11,"CultureInfo overload applies casing rules of the specified culture.",F1;F2;F7
DotNet,current_culture,String.ToLower/ToUpper(),lower;upper,default_locale_sensitive,full_string,yes,current_culture,dotnet_globalization,https://learn.microsoft.com/en-us/dotnet/standard/base-types/best-practices-strings,2026-08-11,"Parameterless casing uses CurrentCulture.",F1;F2;F7
DotNet,invariant,String.ToLowerInvariant/ToUpperInvariant,lower;upper,invariant_root,full_string,yes,invariant,dotnet_globalization,https://learn.microsoft.com/en-us/dotnet/api/system.string.tolowerinvariant?view=net-10.0,2026-08-11,"Invariant casing uses invariant-culture casing rules.",F1;F2;F7
DotNet,culture_compare,CompareInfo.Compare IgnoreCase/IgnoreNonSpace,compare_equal,explicit_locale_aware,not_applicable,not_applicable,tr;az;lt,dotnet_globalization,https://learn.microsoft.com/en-us/dotnet/api/system.globalization.compareinfo.compare?view=net-10.0,2026-08-11,"CompareInfo uses the selected culture and comparison options.",F3;F6
DotNet,ordinal_ignore_case,String.Equals OrdinalIgnoreCase,compare_equal,ordinal_canonical,not_applicable,not_applicable,not_applicable,dotnet_globalization,https://learn.microsoft.com/en-us/dotnet/api/system.stringcomparison?view=net-10.0,2026-08-11,"OrdinalIgnoreCase is culture-insensitive and non-linguistic.",F3
DotNet,normalizer,String.Normalize NFC,normalize_compare;normalize_lower_compare,unicode_defined,not_applicable,yes,not_applicable,dotnet_globalization,https://learn.microsoft.com/en-us/dotnet/api/system.string.normalize?view=net-10.0,2026-08-11,"Normalize applies the selected Unicode normalization form.",F4
Go,unicode_default,strings.ToLower/ToUpper,lower;upper,unicode_defined,simple_code_point,no,no,runtime_unicode_tables,https://pkg.go.dev/strings#ToLower,2026-08-11,"strings maps runes through Unicode simple casing and has no locale parameter.",F1;F2;F7
Go,turkic_special,strings.ToLowerSpecial/ToUpperSpecial,lower;upper,explicit_locale_aware,simple_code_point,no,tr;az,runtime_unicode_tables,https://pkg.go.dev/strings#ToLowerSpecial,2026-08-11,"SpecialCase permits Turkic/Azeri special rune mappings; Lithuanian is not supplied.",F1;F2;F7
Go,equal_fold,strings.EqualFold,compare_equal,unicode_defined,not_applicable,not_applicable,no,runtime_unicode_tables,https://pkg.go.dev/strings#EqualFold,2026-08-11,"EqualFold reports equality under Unicode simple case folding.",F3
Go,normalizer,standard_library_normalization,normalize_compare;normalize_lower_compare,unsupported,not_applicable,not_applicable,no,runtime_unicode_tables,https://pkg.go.dev/std,2026-08-11,"No Unicode normalization API exists in the Go standard-library scope retained here.",F4
Java,explicit_locale,String.toLowerCase/toUpperCase(Locale),lower;upper,explicit_locale_aware,full_string,yes,tr;az;lt,jdk_locale_provider,https://docs.oracle.com/en/java/javase/25/docs/api/java.base/java/lang/String.html,2026-08-11,"Locale overload performs full string conversion using the given locale and Unicode data.",F1;F2;F7
Java,default_locale,String.toLowerCase/toUpperCase(),lower;upper,default_locale_sensitive,full_string,yes,default_locale,jdk_locale_provider,https://docs.oracle.com/en/java/javase/25/docs/api/java.base/java/lang/String.html,2026-08-11,"Parameterless conversion is equivalent to conversion with Locale.getDefault().",F1;F2;F7
Java,root,String.toLowerCase/toUpperCase(Locale.ROOT),lower;upper,invariant_root,full_string,yes,root,jdk_locale_provider,https://docs.oracle.com/en/java/javase/25/docs/api/java.base/java/lang/String.html,2026-08-11,"Locale.ROOT is the documented choice for locale-insensitive strings.",F1;F2;F7
Java,collator,java.text.Collator,compare_equal,explicit_locale_aware,not_applicable,not_applicable,tr;az;lt,jdk_locale_provider,https://docs.oracle.com/en/java/javase/25/docs/api/java.base/java/text/Collator.html,2026-08-11,"Collator performs locale-sensitive comparison at configured strength/decomposition.",F3;F6
Java,equals_ignore_case,String.equalsIgnoreCase,compare_equal,unicode_defined,not_applicable,not_applicable,no,runtime_unicode_tables,https://docs.oracle.com/en/java/javase/25/docs/api/java.base/java/lang/String.html,2026-08-11,"equalsIgnoreCase is locale independent and compares characters through Unicode case conversion rules.",F3
Java,normalizer,java.text.Normalizer NFC,normalize_compare;normalize_lower_compare,unicode_defined,not_applicable,yes,not_applicable,runtime_unicode_tables,https://docs.oracle.com/en/java/javase/25/docs/api/java.base/java/text/Normalizer.html,2026-08-11,"Normalizer transforms text according to Unicode normalization forms.",F4
Node,explicit_locale,String.toLocaleLowerCase/toLocaleUpperCase,lower;upper,explicit_locale_aware,full_string,yes,tr;az;lt,icu_direct_or_bundled,https://tc39.es/ecma402/#sup-string.prototype.tolocalelowercase,2026-08-11,"ECMA-402 locale casing applies requested locale-sensitive case conversion.",F1;F2;F7
Node,unicode_default,String.toLowerCase/toUpperCase,lower;upper,unicode_defined,full_string,yes,no,runtime_unicode_tables,https://tc39.es/ecma262/multipage/text-processing.html,2026-08-11,"ECMAScript requires Unicode Default Case Conversion using locale-insensitive mappings.",F1;F2;F7
Node,collator,Intl.Collator,compare_equal,explicit_locale_aware,not_applicable,not_applicable,tr;az;lt,icu_direct_or_bundled,https://tc39.es/ecma402/#collator-objects,2026-08-11,"Intl.Collator supplies locale-sensitive comparison with resolved options.",F3;F6
Node,normalizer,String.normalize NFC,normalize_compare;normalize_lower_compare,unicode_defined,not_applicable,yes,not_applicable,runtime_unicode_tables,https://tc39.es/ecma262/multipage/text-processing.html#sec-string.prototype.normalize,2026-08-11,"String.normalize applies the requested Unicode normalization form.",F4
PHP,unicode_default,mb_strtolower/mb_strtoupper,lower;upper,unicode_defined,full_string,partial,no,external_unicode_library,https://www.php.net/manual/en/function.mb-strtolower.php,2026-08-11,"mbstring Unicode casing is not affected by locale and has no locale argument.",F1;F2;F7
PHP,collator,Intl Collator,compare_equal,explicit_locale_aware,not_applicable,not_applicable,tr;az;lt,icu_direct_or_bundled,https://www.php.net/manual/en/class.collator.php,2026-08-11,"Collator provides locale-sensitive comparison through ICU.",F3;F6
PHP,normalizer,Normalizer::normalize NFC,normalize_compare;normalize_lower_compare,unicode_defined,not_applicable,yes,not_applicable,icu_direct_or_bundled,https://www.php.net/manual/en/normalizer.normalize.php,2026-08-11,"Normalizer applies the requested ICU normalization form.",F4
Python,unicode_default,str.lower/upper,lower;upper,unicode_defined,full_string,yes,no,runtime_unicode_tables,https://docs.python.org/3/library/stdtypes.html#str.lower,2026-08-11,"str casing follows Unicode default algorithms and has no locale argument.",F1;F2;F7
Python,casefold,str.casefold,compare_equal,unicode_defined,full_string,not_applicable,no,runtime_unicode_tables,https://docs.python.org/3/library/stdtypes.html#str.casefold,2026-08-11,"casefold implements aggressive Unicode default caseless matching.",F3
Python,locale_collator,locale.strcoll,compare_equal,default_locale_sensitive,not_applicable,not_applicable,process_locale,libc_glibc,https://docs.python.org/3/library/locale.html#locale.strcoll,2026-08-11,"strcoll compares strings according to current LC_COLLATE.",F3;F6
Python,normalizer,unicodedata.normalize NFC,normalize_compare;normalize_lower_compare,unicode_defined,not_applicable,yes,not_applicable,runtime_unicode_tables,https://docs.python.org/3/library/unicodedata.html#unicodedata.normalize,2026-08-11,"unicodedata.normalize returns the selected Unicode normalization form.",F4
Ruby,unicode_default,String#downcase/upcase,lower;upper,unicode_defined,full_string,partial,no,runtime_unicode_tables,https://docs.ruby-lang.org/en/3.3/case_mapping_rdoc.html,2026-08-11,"Default methods use full Unicode mapping; documented context-sensitive mapping is incomplete.",F1;F2;F7
Ruby,turkic,String#downcase/upcase(:turkic),lower;upper,explicit_locale_aware,full_string,partial,tr;az,runtime_unicode_tables,https://docs.ruby-lang.org/en/3.3/case_mapping_rdoc.html,2026-08-11,"The :turkic option adapts full Unicode mapping for Turkish/Azeri; :lithuanian is not implemented.",F1;F2;F7
Ruby,ascii,String#downcase/upcase(:ascii),lower;upper,ordinal_canonical,simple_code_point,no,ASCII,runtime_unicode_tables,https://docs.ruby-lang.org/en/3.3/case_mapping_rdoc.html,2026-08-11,"The :ascii option maps only ASCII letters.",F1;F2;F7
Ruby,casecmp,String#casecmp?,compare_equal,unicode_defined,full_string,not_applicable,no,runtime_unicode_tables,https://docs.ruby-lang.org/en/3.3/case_mapping_rdoc.html,2026-08-11,"casecmp? uses Unicode case folding semantics for supported encodings.",F3
Ruby,normalizer,String#unicode_normalize NFC,normalize_compare;normalize_lower_compare,unicode_defined,not_applicable,yes,not_applicable,runtime_unicode_tables,https://docs.ruby-lang.org/en/3.3/String.html#method-i-unicode_normalize,2026-08-11,"unicode_normalize applies Unicode normalization.",F4
Rust,unicode_default,str::to_lowercase/to_uppercase,lower;upper,unicode_defined,full_string,yes,no,runtime_unicode_tables,https://doc.rust-lang.org/std/primitive.str.html#method.to_lowercase,2026-08-11,"Standard string casing uses Unicode-derived properties and can expand; no locale parameter exists.",F1;F2;F7
Rust,ascii,str::to_ascii_lowercase/to_ascii_uppercase,lower;upper,ordinal_canonical,simple_code_point,no,ASCII,runtime_unicode_tables,https://doc.rust-lang.org/std/primitive.str.html#method.to_ascii_lowercase,2026-08-11,"ASCII methods map only ASCII letters.",F1;F2;F7
Rust,ascii_compare,str::eq_ignore_ascii_case,compare_equal,ordinal_canonical,not_applicable,not_applicable,ASCII,runtime_unicode_tables,https://doc.rust-lang.org/std/primitive.str.html#method.eq_ignore_ascii_case,2026-08-11,"Method checks ASCII case-insensitive equality and leaves non-ASCII distinctions intact.",F3
Rust,normalizer,standard_library_normalization,normalize_compare;normalize_lower_compare,unsupported,not_applicable,not_applicable,no,runtime_unicode_tables,https://doc.rust-lang.org/std/,2026-08-11,"No normalization API exists in the Rust standard-library scope retained here.",F4
